{
  "name": "test_gulp_php",
  "version": "1.0.0",
  "description": "",
  "main": "gulpfile.js",
  "scripts": {
    "test": "echo \"Error: no test specified\" && exit 1"
  },
  "author": "",
  "license": "ISC",
  "devDependencies": {
    "browser-sync": "^2.12.5",
    "gulp": "^3.9.1",
    "gulp-autoprefixer": "^3.1.0",
    "gulp-concat": "^2.6.0",
    "gulp-cssnano": "^2.1.2",
    "gulp-plumber": "^1.1.0",
    "gulp-sass": "^3.1.0",
    "gulp-uglify": "^2.0.0",
    "gulp.spritesmith": "^6.7.0"
  }
}
